{
	"credit": "Made with Blockbench",
	"texture_size": [48, 48],
	"textures": {
		"0": "difusement:block/difusement_altar",
		"particle": "difusement:block/difusement_altar"
	},
    "render_type":"cutout",
	"elements": [
		{
			"from": [0, 0, 0],
			"to": [16, 8, 16],
			"faces": {
				"north": {"uv": [5.33333, 5.33333, 10.66667, 8], "texture": "#0"},
				"east": {"uv": [5.33333, 8, 10.66667, 10.66667], "texture": "#0"},
				"south": {"uv": [0, 10.66667, 5.33333, 13.33333], "texture": "#0"},
				"west": {"uv": [10.66667, 0, 16, 2.66667], "texture": "#0"},
				"up": {"uv": [5.33333, 5.33333, 0, 0], "texture": "#0"}
			}
		},
		{
			"from": [0.25, 0, 0.25],
			"to": [15.75, 7.75, 15.75],
			"faces": {
				"north": {"uv": [10.66667, 2.66667, 16, 5.33333], "texture": "#0"},
				"east": {"uv": [5.33333, 10.66667, 10.66667, 13.33333], "texture": "#0"},
				"south": {"uv": [10.66667, 5.33333, 16, 8], "texture": "#0"},
				"west": {"uv": [10.66667, 8, 16, 10.66667], "texture": "#0"},
				"up": {"uv": [5.33333, 10.66667, 0, 5.33333], "texture": "#0"},
				"down": {"uv": [10.66667, 0, 5.33333, 5.33333], "texture": "#0"}
			}
		},
		{
			"from": [0.35, 7.6, 0.35],
			"to": [15.65, 7.6, 15.65],
			"rotation": {"angle": 0, "axis": "y", "origin": [0, 16, 0]},
			"faces": {
				"up": {"uv": [10.66667, 5.33333, 5.33333, 0], "texture": "#0"}
			}
		}
	],
	"display": {
		"thirdperson_righthand": {
			"rotation": [75, 45, 0],
			"translation": [0, 2.5, 0],
			"scale": [0.375, 0.375, 0.375]
		},
		"thirdperson_lefthand": {
			"rotation": [75, 45, 0],
			"translation": [0, 2.5, 0],
			"scale": [0.375, 0.375, 0.375]
		},
		"firstperson_righthand": {
			"rotation": [0, 45, 0],
			"scale": [0.4, 0.4, 0.4]
		},
		"firstperson_lefthand": {
			"rotation": [0, 225, 0],
			"scale": [0.4, 0.4, 0.4]
		},
		"ground": {
			"translation": [0, 3, 0],
			"scale": [0.25, 0.25, 0.25]
		},
		"gui": {
			"rotation": [30, 225, 0],
			"scale": [0.625, 0.625, 0.625]
		},
		"head": {
			"translation": [0, 14, 0]
		},
		"fixed": {
			"scale": [0.5, 0.5, 0.5]
		}
	}
}